{"accuracy": 0.9520704977378551, "precision_weighted": 0.9523878005362991, "recall_weighted": 0.9520704977378551, "f1_weighted": 0.9519606316983509}