{"accuracy": 0.9976387683460272, "precision_weighted": 0.9976527955978188, "recall_weighted": 0.9976387683460272, "f1_weighted": 0.9976329948274595}