{"accuracy": 0.9496402877697842, "precision": 0.949949592992545, "recall": 0.9496402877697842, "f1_score": 0.9496785431461893}