{"accuracy": 0.9228994723312137, "precision_weighted": 0.9245933525928033, "recall_weighted": 0.9228994723312137, "f1_weighted": 0.9231479248297569}