{"accuracy": 0.943973471361016, "precision_weighted": 0.9447429492308168, "recall_weighted": 0.943973471361016, "f1_weighted": 0.9438898507265416}