{"accuracy": 0.9568345323741008, "precision": 0.9573571144955588, "recall": 0.9568345323741008, "f1_score": 0.9568702365496822}