{"accuracy": 0.9198355601233299, "precision": 0.9221605344670627, "recall": 0.9198355601233299, "f1_score": 0.9202958149856139}