{"accuracy": 0.9994377948597679, "precision_weighted": 0.9994402929641041, "recall_weighted": 0.9994377948597679, "f1_weighted": 0.9994379105462954}