{"accuracy": 0.9619732785200411, "precision": 0.9621544884131862, "recall": 0.9619732785200411, "f1_score": 0.9620239885357061}