{"accuracy": 0.9064748201438849, "precision": 0.907080785093974, "recall": 0.9064748201438849, "f1_score": 0.9065707565127457}