{"accuracy": 0.8881402397774485, "precision_weighted": 0.8902348459220423, "recall_weighted": 0.8881402397774485, "f1_weighted": 0.8883665355741912}