{"accuracy": 0.9554743574089781, "precision_weighted": 0.9558955576616677, "recall_weighted": 0.9554743574089781, "f1_weighted": 0.9554515862343407}