{"accuracy": 0.9899608842427932, "precision_weighted": 0.990039996668882, "recall_weighted": 0.9899608842427932, "f1_weighted": 0.9899662885710024}